INSERT INTO system.GRAD(GRAD_ID,IME,DRZAVA) VALUES ('1','Zagreb','RH');
INSERT INTO system.GRAD(GRAD_ID,IME,DRZAVA) VALUES ('2','Osijek','RH');

INSERT INTO system.KORISNIK(OIB,IME,PREZIME) VALUES ('0541','Marko','Markic');
INSERT INTO system.KORISNIK(OIB,IME,PREZIME) VALUES ('0311','Ivo','Ivic');
INSERT INTO system.KORISNIK(OIB,IME,PREZIME) VALUES ('0515','Lovro','Loric');

INSERT INTO system.DODATNI_SADRZAJ(DODATNI_SADRZAJ_ID,TIP) VALUES('1','Kafic');
INSERT INTO system.DODATNI_SADRZAJ(DODATNI_SADRZAJ_ID,TIP) VALUES('2','Tusevi');
INSERT INTO system.DODATNI_SADRZAJ(DODATNI_SADRZAJ_ID,TIP) VALUES('3','Teretana');

INSERT INTO system.KVART(KVART_ID,IME,GRAD_ID) VALUES ('1','Trnje','1');
INSERT INTO system.KVART(KVART_ID,IME,GRAD_ID) VALUES ('2','Tresnjevka','1');
INSERT INTO system.KVART(KVART_ID,IME,GRAD_ID) VALUES ('3','Kruge','1');
INSERT INTO system.KVART(KVART_ID,IME,GRAD_ID) VALUES ('4','Spansko','1');

INSERT INTO system.SPORTSKI_OBJEKT(SPORTSKI_OBJEKT_ID,IME,WEB_STRANICA, KVART_ID) VALUES ('1','SRC Trnje','www.srctrnje.com','1');
INSERT INTO system.SPORTSKI_OBJEKT(SPORTSKI_OBJEKT_ID,IME,WEB_STRANICA, KVART_ID) VALUES ('2','Centar Sporta','www.centsport.com','1');
INSERT INTO system.SPORTSKI_OBJEKT(SPORTSKI_OBJEKT_ID,IME,WEB_STRANICA, KVART_ID) VALUES ('3','Sport Sport','www.sportsport.com','3');

INSERT INTO system.TEREN(TEREN_ID,VRSTA_TERENA,NATKRIVEN,IME,SPORTSKI_OBJEKT_ID) VALUES ('1','Nogomet',1,'Nogalo NT',1);
INSERT INTO system.TEREN(TEREN_ID,VRSTA_TERENA,NATKRIVEN,IME,SPORTSKI_OBJEKT_ID) VALUES ('2','Nogomet',0,'Nogalo NT pomocni',1);
INSERT INTO system.TEREN(TEREN_ID,VRSTA_TERENA,NATKRIVEN,IME,SPORTSKI_OBJEKT_ID) VALUES ('3','Tenis',0,'Teren A',1);
INSERT INTO system.TEREN(TEREN_ID,VRSTA_TERENA,NATKRIVEN,IME,SPORTSKI_OBJEKT_ID) VALUES ('4','Nogomet',0,'Terenko 1',1);


INSERT INTO system.REZERVACIJA(REZERVACIJA_ID,POCETAK,KRAJ,TEREN_ID,OIB) VALUES (
    '1',
    TO_DATE('2021/05/03 16:00', 'yyyy/mm/dd hh24:mi'),
    TO_DATE('2021/05/03 17:00', 'yyyy/mm/dd hh24:mi'),
    '1',
    '0541');
INSERT INTO system.REZERVACIJA(REZERVACIJA_ID,POCETAK,KRAJ,TEREN_ID,OIB) VALUES (
    '2',
    TO_DATE('2021/05/03 19:00', 'yyyy/mm/dd hh24:mi'),
    TO_DATE('2021/05/03 22:00', 'yyyy/mm/dd hh24:mi'),
    '1',
    '0311');
INSERT INTO system.REZERVACIJA(REZERVACIJA_ID,POCETAK,KRAJ,TEREN_ID,OIB) VALUES (
    '3',
    TO_DATE('2021/06/22 19:00', 'yyyy/mm/dd hh24:mi'),
    TO_DATE('2021/06/22 22:00', 'yyyy/mm/dd hh24:mi'),
    '2',
    '0311');


INSERT INTO system.REKVIZIT(REKVIZIT_ID,TIP,MARKA, SPORTSKI_OBJEKT_ID) VALUES ('1','Nogometna lopta','Nike','1');
INSERT INTO system.REKVIZIT(REKVIZIT_ID,TIP,MARKA, SPORTSKI_OBJEKT_ID) VALUES ('2','Nogometna lopta','Umbro','1');
INSERT INTO system.REKVIZIT(REKVIZIT_ID,TIP,MARKA, SPORTSKI_OBJEKT_ID) VALUES ('3','Kosarkaska lopta','Adidas','1');

INSERT INTO system.IZNAJMLJUJE(REZERVACIJA_ID,REKVIZIT_ID) VALUES ('1','1');
INSERT INTO system.IZNAJMLJUJE(REZERVACIJA_ID,REKVIZIT_ID) VALUES ('2','2');

INSERT INTO system.SADRZI(SPORTSKI_OBJEKT_ID,DODATNI_SADRZAJ_ID) VALUES('1','1');
INSERT INTO system.SADRZI(SPORTSKI_OBJEKT_ID,DODATNI_SADRZAJ_ID) VALUES('1','2');